flight_id,flight_no,departure_airport,arrival_airport,arrival_city,scheduled_departure,actual_departure,scheduled_arrival,actual_arrival,total_amount,sold,model,aircraft_code,seats,plan_flight_minutes,fact_flight_minutes
136119,PG0252,AAQ,SVO,Moscow,2017-01-03T10:05:00Z,2017-01-03T10:08:00Z,2017-01-03T11:45:00Z,2017-01-03T11:49:00Z,1653000.00,113,Boeing 737-300,733,130,100.0,101.0
136120,PG0252,AAQ,SVO,Moscow,2017-02-24T10:05:00Z,2017-02-24T10:07:00Z,2017-02-24T11:45:00Z,2017-02-24T11:46:00Z,1605400.00,109,Boeing 737-300,733,130,100.0,99.0
136122,PG0252,AAQ,SVO,Moscow,2017-01-08T10:05:00Z,2017-01-08T10:08:00Z,2017-01-08T11:45:00Z,2017-01-08T11:48:00Z,1431000.00,97,Boeing 737-300,733,130,100.0,100.0
136130,PG0252,AAQ,SVO,Moscow,2017-02-13T10:05:00Z,2017-02-13T10:07:00Z,2017-02-13T11:45:00Z,2017-02-13T11:46:00Z,1556600.00,107,Boeing 737-300,733,130,100.0,99.0
136131,PG0252,AAQ,SVO,Moscow,2017-01-28T10:05:00Z,2017-01-28T10:07:00Z,2017-01-28T11:45:00Z,2017-01-28T11:46:00Z,1812800.00,124,Boeing 737-300,733,130,100.0,99.0
136132,PG0252,AAQ,SVO,Moscow,2017-02-15T10:05:00Z,2017-02-15T10:09:00Z,2017-02-15T11:45:00Z,2017-02-15T11:48:00Z,1714000.00,116,Boeing 737-300,733,130,100.0,99.0
136135,PG0252,AAQ,SVO,Moscow,2017-02-01T10:05:00Z,2017-02-01T10:08:00Z,2017-02-01T11:45:00Z,2017-02-01T11:48:00Z,1678600.00,115,Boeing 737-300,733,130,100.0,100.0
136146,PG0252,AAQ,SVO,Moscow,2017-02-09T10:05:00Z,2017-02-09T10:08:00Z,2017-02-09T11:45:00Z,2017-02-09T11:48:00Z,1604200.00,109,Boeing 737-300,733,130,100.0,100.0
136159,PG0252,AAQ,SVO,Moscow,2017-01-04T10:05:00Z,2017-01-04T10:07:00Z,2017-01-04T11:45:00Z,2017-01-04T11:45:00Z,1700600.00,115,Boeing 737-300,733,130,100.0,98.0
136164,PG0252,AAQ,SVO,Moscow,2017-01-07T10:05:00Z,2017-01-07T10:07:00Z,2017-01-07T11:45:00Z,2017-01-07T11:46:00Z,1738400.00,120,Boeing 737-300,733,130,100.0,99.0
136165,PG0252,AAQ,SVO,Moscow,2017-02-22T10:05:00Z,2017-02-22T10:11:00Z,2017-02-22T11:45:00Z,2017-02-22T11:52:00Z,1567600.00,110,Boeing 737-300,733,130,100.0,101.0
136172,PG0252,AAQ,SVO,Moscow,2017-01-15T10:05:00Z,2017-01-15T10:05:00Z,2017-01-15T11:45:00Z,2017-01-15T11:44:00Z,1617600.00,110,Boeing 737-300,733,130,100.0,99.0
136178,PG0252,AAQ,SVO,Moscow,2017-01-29T10:05:00Z,2017-01-29T10:10:00Z,2017-01-29T11:45:00Z,2017-01-29T11:49:00Z,1434600.00,99,Boeing 737-300,733,130,100.0,99.0
136181,PG0252,AAQ,SVO,Moscow,2017-01-31T10:05:00Z,2017-01-31T10:05:00Z,2017-01-31T11:45:00Z,2017-01-31T11:44:00Z,1689600.00,118,Boeing 737-300,733,130,100.0,99.0
136185,PG0252,AAQ,SVO,Moscow,2017-01-14T10:05:00Z,2017-01-14T10:06:00Z,2017-01-14T11:45:00Z,2017-01-14T11:49:00Z,1520000.00,104,Boeing 737-300,733,130,100.0,103.0
136202,PG0252,AAQ,SVO,Moscow,2017-01-05T10:05:00Z,2017-01-05T10:07:00Z,2017-01-05T11:45:00Z,2017-01-05T11:49:00Z,1495600.00,100,Boeing 737-300,733,130,100.0,102.0
136204,PG0252,AAQ,SVO,Moscow,2017-02-23T10:05:00Z,2017-02-23T10:06:00Z,2017-02-23T11:45:00Z,2017-02-23T11:46:00Z,1457800.00,107,Boeing 737-300,733,130,100.0,100.0
136209,PG0252,AAQ,SVO,Moscow,2017-01-06T10:05:00Z,2017-01-06T10:09:00Z,2017-01-06T11:45:00Z,2017-01-06T11:49:00Z,1615200.00,112,Boeing 737-300,733,130,100.0,100.0
136215,PG0252,AAQ,SVO,Moscow,2017-02-28T10:05:00Z,2017-02-28T10:09:00Z,2017-02-28T11:45:00Z,2017-02-28T11:49:00Z,1664000.00,114,Boeing 737-300,733,130,100.0,100.0
136226,PG0252,AAQ,SVO,Moscow,2017-01-30T10:05:00Z,2017-01-30T10:08:00Z,2017-01-30T11:45:00Z,2017-01-30T11:48:00Z,1886000.00,130,Boeing 737-300,733,130,100.0,100.0
136249,PG0252,AAQ,SVO,Moscow,2017-02-14T10:05:00Z,2017-02-14T10:08:00Z,2017-02-14T11:45:00Z,2017-02-14T11:46:00Z,1800600.00,123,Boeing 737-300,733,130,100.0,98.0
136250,PG0252,AAQ,SVO,Moscow,2017-02-08T10:05:00Z,2017-02-08T10:06:00Z,2017-02-08T11:45:00Z,2017-02-08T11:47:00Z,1407800.00,99,Boeing 737-300,733,130,100.0,101.0
136264,PG0252,AAQ,SVO,Moscow,2017-02-18T10:05:00Z,2017-02-18T10:07:00Z,2017-02-18T11:45:00Z,2017-02-18T11:47:00Z,1690800.00,116,Boeing 737-300,733,130,100.0,100.0
136266,PG0252,AAQ,SVO,Moscow,2017-02-27T10:05:00Z,2017-02-27T10:08:00Z,2017-02-27T11:45:00Z,2017-02-27T11:48:00Z,1566400.00,108,Boeing 737-300,733,130,100.0,100.0
136268,PG0252,AAQ,SVO,Moscow,2017-02-16T10:05:00Z,2017-02-16T10:08:00Z,2017-02-16T11:45:00Z,2017-02-16T11:49:00Z,1676200.00,115,Boeing 737-300,733,130,100.0,101.0
136269,PG0252,AAQ,SVO,Moscow,2017-02-11T10:05:00Z,2017-02-11T10:13:00Z,2017-02-11T11:45:00Z,2017-02-11T11:53:00Z,1605400.00,109,Boeing 737-300,733,130,100.0,100.0
136270,PG0252,AAQ,SVO,Moscow,2017-02-12T10:05:00Z,2017-02-12T10:12:00Z,2017-02-12T11:45:00Z,2017-02-12T11:51:00Z,1628600.00,111,Boeing 737-300,733,130,100.0,99.0
136275,PG0252,AAQ,SVO,Moscow,2017-01-13T10:05:00Z,2017-01-13T10:08:00Z,2017-01-13T11:45:00Z,2017-01-13T11:46:00Z,1825000.00,125,Boeing 737-300,733,130,100.0,98.0
136282,PG0252,AAQ,SVO,Moscow,2017-01-16T10:05:00Z,2017-01-16T10:07:00Z,2017-01-16T11:45:00Z,2017-01-16T11:48:00Z,1518800.00,106,Boeing 737-300,733,130,100.0,101.0
136284,PG0252,AAQ,SVO,Moscow,2017-02-07T10:05:00Z,2017-02-07T10:07:00Z,2017-02-07T11:45:00Z,2017-02-07T11:48:00Z,1677400.00,117,Boeing 737-300,733,130,100.0,101.0
136293,PG0252,AAQ,SVO,Moscow,2017-01-23T10:05:00Z,2017-01-23T10:09:00Z,2017-01-23T11:45:00Z,2017-01-23T11:48:00Z,1689600.00,114,Boeing 737-300,733,130,100.0,99.0
136310,PG0252,AAQ,SVO,Moscow,2017-01-22T10:05:00Z,2017-01-22T10:07:00Z,2017-01-22T11:45:00Z,2017-01-22T11:47:00Z,1654200.00,117,Boeing 737-300,733,130,100.0,100.0
136316,PG0252,AAQ,SVO,Moscow,2017-01-12T10:05:00Z,2017-01-12T10:07:00Z,2017-01-12T11:45:00Z,2017-01-12T11:47:00Z,1886000.00,130,Boeing 737-300,733,130,100.0,100.0
136320,PG0252,AAQ,SVO,Moscow,2017-02-19T10:05:00Z,2017-02-19T10:05:00Z,2017-02-19T11:45:00Z,2017-02-19T11:45:00Z,1544400.00,106,Boeing 737-300,733,130,100.0,100.0
136322,PG0252,AAQ,SVO,Moscow,2017-02-06T10:05:00Z,2017-02-06T10:11:00Z,2017-02-06T11:45:00Z,2017-02-06T11:52:00Z,1567600.00,108,Boeing 737-300,733,130,100.0,101.0
136345,PG0252,AAQ,SVO,Moscow,2017-01-24T10:05:00Z,2017-01-24T13:32:00Z,2017-01-24T11:45:00Z,2017-01-24T15:12:00Z,1517600.00,108,Boeing 737-300,733,130,100.0,100.0
136348,PG0252,AAQ,SVO,Moscow,2017-02-10T10:05:00Z,2017-02-10T10:05:00Z,2017-02-10T11:45:00Z,2017-02-10T11:45:00Z,1762800.00,120,Boeing 737-300,733,130,100.0,100.0
136351,PG0252,AAQ,SVO,Moscow,2017-02-26T10:05:00Z,2017-02-26T10:13:00Z,2017-02-26T11:45:00Z,2017-02-26T11:53:00Z,1555400.00,105,Boeing 737-300,733,130,100.0,100.0
136360,PG0252,AAQ,SVO,Moscow,2017-02-05T10:05:00Z,2017-02-05T10:08:00Z,2017-02-05T11:45:00Z,2017-02-05T11:48:00Z,1455400.00,97,Boeing 737-300,733,130,100.0,100.0
136366,PG0252,AAQ,SVO,Moscow,2017-01-11T10:05:00Z,2017-01-11T10:08:00Z,2017-01-11T11:45:00Z,2017-01-11T11:47:00Z,1527400.00,103,Boeing 737-300,733,130,100.0,99.0
136383,PG0252,AAQ,SVO,Moscow,2017-01-25T10:05:00Z,2017-01-25T10:09:00Z,2017-01-25T11:45:00Z,2017-01-25T11:51:00Z,1493200.00,106,Boeing 737-300,733,130,100.0,102.0
136387,PG0252,AAQ,SVO,Moscow,2017-01-19T10:05:00Z,2017-01-19T10:08:00Z,2017-01-19T11:45:00Z,2017-01-19T11:47:00Z,1775000.00,121,Boeing 737-300,733,130,100.0,99.0
136389,PG0252,AAQ,SVO,Moscow,2017-01-18T10:05:00Z,2017-01-18T10:10:00Z,2017-01-18T11:45:00Z,2017-01-18T11:50:00Z,1873800.00,129,Boeing 737-300,733,130,100.0,100.0
136403,PG0252,AAQ,SVO,Moscow,2017-02-20T10:05:00Z,2017-02-20T10:06:00Z,2017-02-20T11:45:00Z,2017-02-20T11:46:00Z,1873800.00,129,Boeing 737-300,733,130,100.0,100.0
136411,PG0252,AAQ,SVO,Moscow,2017-02-04T10:05:00Z,2017-02-04T10:06:00Z,2017-02-04T11:45:00Z,2017-02-04T11:46:00Z,1590800.00,110,Boeing 737-300,733,130,100.0,100.0
136420,PG0252,AAQ,SVO,Moscow,2017-01-01T10:05:00Z,2017-01-01T10:09:00Z,2017-01-01T11:45:00Z,2017-01-01T11:47:00Z,1542000.00,104,Boeing 737-300,733,130,100.0,98.0
136423,PG0252,AAQ,SVO,Moscow,2017-01-10T10:05:00Z,2017-01-10T10:12:00Z,2017-01-10T11:45:00Z,2017-01-10T11:52:00Z,1849400.00,129,Boeing 737-300,733,130,100.0,100.0
136428,PG0252,AAQ,SVO,Moscow,2017-01-21T10:05:00Z,2017-01-21T10:08:00Z,2017-01-21T11:45:00Z,2017-01-21T11:47:00Z,1678600.00,115,Boeing 737-300,733,130,100.0,99.0
136436,PG0252,AAQ,SVO,Moscow,2017-01-26T10:05:00Z,2017-01-26T10:08:00Z,2017-01-26T11:45:00Z,2017-01-26T11:47:00Z,1811600.00,124,Boeing 737-300,733,130,100.0,99.0
136439,PG0252,AAQ,SVO,Moscow,2017-02-25T10:05:00Z,2017-02-25T10:08:00Z,2017-02-25T11:45:00Z,2017-02-25T11:48:00Z,1701800.00,117,Boeing 737-300,733,130,100.0,100.0
136441,PG0252,AAQ,SVO,Moscow,2017-02-03T10:05:00Z,2017-02-03T10:07:00Z,2017-02-03T11:45:00Z,2017-02-03T11:47:00Z,1837200.00,128,Boeing 737-300,733,130,100.0,100.0
136452,PG0252,AAQ,SVO,Moscow,2017-02-17T10:05:00Z,2017-02-17T10:08:00Z,2017-02-17T11:45:00Z,2017-02-17T11:48:00Z,1603000.00,109,Boeing 737-300,733,130,100.0,100.0
136458,PG0252,AAQ,SVO,Moscow,2017-01-02T10:05:00Z,2017-01-02T10:07:00Z,2017-01-02T11:45:00Z,2017-01-02T11:46:00Z,1568800.00,110,Boeing 737-300,733,130,100.0,99.0
136463,PG0252,AAQ,SVO,Moscow,2017-01-20T10:05:00Z,2017-01-20T10:06:00Z,2017-01-20T11:45:00Z,2017-01-20T11:45:00Z,1788400.00,122,Boeing 737-300,733,130,100.0,99.0
136464,PG0252,AAQ,SVO,Moscow,2017-01-09T10:05:00Z,2017-01-09T10:07:00Z,2017-01-09T11:45:00Z,2017-01-09T11:47:00Z,1398000.00,100,Boeing 737-300,733,130,100.0,100.0
136471,PG0252,AAQ,SVO,Moscow,2017-01-17T10:05:00Z,2017-01-17T10:11:00Z,2017-01-17T11:45:00Z,2017-01-17T11:51:00Z,1762800.00,120,Boeing 737-300,733,130,100.0,100.0
136479,PG0252,AAQ,SVO,Moscow,2017-02-21T10:05:00Z,2017-02-21T10:08:00Z,2017-02-21T11:45:00Z,2017-02-21T11:47:00Z,1738400.00,122,Boeing 737-300,733,130,100.0,99.0
136485,PG0252,AAQ,SVO,Moscow,2017-01-27T10:05:00Z,2017-01-27T10:07:00Z,2017-01-27T11:45:00Z,2017-01-27T11:47:00Z,1520000.00,106,Boeing 737-300,733,130,100.0,100.0
136486,PG0252,AAQ,SVO,Moscow,2017-02-02T10:05:00Z,2017-02-02T10:07:00Z,2017-02-02T11:45:00Z,2017-02-02T11:48:00Z,1505400.00,107,Boeing 737-300,733,130,100.0,101.0
136511,PG0194,AAQ,NOZ,Novokuznetsk,2017-02-21T06:10:00Z,2017-02-21T06:15:00Z,2017-02-21T11:15:00Z,2017-02-21T11:25:00Z,,,Boeing 737-300,733,130,305.0,310.0
136513,PG0194,AAQ,NOZ,Novokuznetsk,2017-02-28T06:10:00Z,2017-02-28T06:13:00Z,2017-02-28T11:15:00Z,2017-02-28T11:23:00Z,,,Boeing 737-300,733,130,305.0,310.0
136514,PG0194,AAQ,NOZ,Novokuznetsk,2017-02-07T06:10:00Z,2017-02-07T06:14:00Z,2017-02-07T11:15:00Z,2017-02-07T11:13:00Z,,,Boeing 737-300,733,130,305.0,299.0
136523,PG0194,AAQ,NOZ,Novokuznetsk,2017-01-10T06:10:00Z,2017-01-10T06:14:00Z,2017-01-10T11:15:00Z,2017-01-10T11:26:00Z,,,Boeing 737-300,733,130,305.0,312.0
136540,PG0194,AAQ,NOZ,Novokuznetsk,2017-01-17T06:10:00Z,2017-01-17T06:14:00Z,2017-01-17T11:15:00Z,2017-01-17T11:21:00Z,,,Boeing 737-300,733,130,305.0,307.0
136544,PG0194,AAQ,NOZ,Novokuznetsk,2017-01-31T06:10:00Z,2017-01-31T06:10:00Z,2017-01-31T11:15:00Z,2017-01-31T11:14:00Z,,,Boeing 737-300,733,130,305.0,304.0
136546,PG0194,AAQ,NOZ,Novokuznetsk,2017-01-03T06:10:00Z,2017-01-03T06:13:00Z,2017-01-03T11:15:00Z,2017-01-03T11:15:00Z,,,Boeing 737-300,733,130,305.0,302.0
136560,PG0194,AAQ,NOZ,Novokuznetsk,2017-01-24T06:10:00Z,2017-01-24T06:13:00Z,2017-01-24T11:15:00Z,2017-01-24T11:18:00Z,,,Boeing 737-300,733,130,305.0,305.0
136567,PG0194,AAQ,NOZ,Novokuznetsk,2017-02-14T06:10:00Z,2017-02-14T06:12:00Z,2017-02-14T11:15:00Z,2017-02-14T11:23:00Z,,,Boeing 737-300,733,130,305.0,311.0
136571,PG0480,AAQ,EGO,Belgorod,2017-01-25T09:25:00Z,2017-01-25T09:28:00Z,2017-01-25T10:15:00Z,2017-01-25T10:18:00Z,752700.00,95,Sukhoi Superjet-100,SU9,97,50.0,50.0
136586,PG0480,AAQ,EGO,Belgorod,2017-01-10T09:25:00Z,2017-01-10T09:28:00Z,2017-01-10T10:15:00Z,2017-01-10T10:18:00Z,759000.00,96,Sukhoi Superjet-100,SU9,97,50.0,50.0
136600,PG0480,AAQ,EGO,Belgorod,2017-02-08T09:25:00Z,2017-02-08T09:26:00Z,2017-02-08T10:15:00Z,2017-02-08T10:16:00Z,765300.00,97,Sukhoi Superjet-100,SU9,97,50.0,50.0
136605,PG0480,AAQ,EGO,Belgorod,2017-02-15T09:25:00Z,2017-02-15T09:28:00Z,2017-02-15T10:15:00Z,2017-02-15T10:19:00Z,765300.00,97,Sukhoi Superjet-100,SU9,97,50.0,51.0
136609,PG0480,AAQ,EGO,Belgorod,2017-01-08T09:25:00Z,2017-01-08T09:28:00Z,2017-01-08T10:15:00Z,2017-01-08T10:18:00Z,639300.00,81,Sukhoi Superjet-100,SU9,97,50.0,50.0
136612,PG0480,AAQ,EGO,Belgorod,2017-02-21T09:25:00Z,2017-02-21T09:27:00Z,2017-02-21T10:15:00Z,2017-02-21T10:17:00Z,746400.00,94,Sukhoi Superjet-100,SU9,97,50.0,50.0
136620,PG0480,AAQ,EGO,Belgorod,2017-02-17T09:25:00Z,2017-02-17T09:30:00Z,2017-02-17T10:15:00Z,2017-02-17T10:19:00Z,613500.00,79,Sukhoi Superjet-100,SU9,97,50.0,49.0
136630,PG0480,AAQ,EGO,Belgorod,2017-02-25T09:25:00Z,2017-02-25T09:32:00Z,2017-02-25T10:15:00Z,2017-02-25T10:22:00Z,746400.00,94,Sukhoi Superjet-100,SU9,97,50.0,50.0
136632,PG0480,AAQ,EGO,Belgorod,2017-01-07T09:25:00Z,2017-01-07T12:42:00Z,2017-01-07T10:15:00Z,2017-01-07T13:33:00Z,714300.00,91,Sukhoi Superjet-100,SU9,97,50.0,51.0
136642,PG0480,AAQ,EGO,Belgorod,2017-01-30T09:25:00Z,2017-01-30T09:28:00Z,2017-01-30T10:15:00Z,2017-01-30T10:17:00Z,531000.00,64,Sukhoi Superjet-100,SU9,97,50.0,49.0
136645,PG0480,AAQ,EGO,Belgorod,2017-01-05T09:25:00Z,2017-01-05T09:29:00Z,2017-01-05T10:15:00Z,2017-01-05T10:20:00Z,633000.00,82,Sukhoi Superjet-100,SU9,97,50.0,51.0
136649,PG0480,AAQ,EGO,Belgorod,2017-01-18T09:25:00Z,2017-01-18T09:25:00Z,2017-01-18T10:15:00Z,2017-01-18T10:15:00Z,759000.00,96,Sukhoi Superjet-100,SU9,97,50.0,50.0
136654,PG0480,AAQ,EGO,Belgorod,2017-01-19T09:25:00Z,2017-01-19T09:28:00Z,2017-01-19T10:15:00Z,2017-01-19T10:17:00Z,759000.00,96,Sukhoi Superjet-100,SU9,97,50.0,49.0
136660,PG0480,AAQ,EGO,Belgorod,2017-02-20T09:25:00Z,2017-02-20T09:26:00Z,2017-02-20T10:15:00Z,2017-02-20T10:15:00Z,677100.00,87,Sukhoi Superjet-100,SU9,97,50.0,49.0
136661,PG0480,AAQ,EGO,Belgorod,2017-01-01T09:25:00Z,2017-01-01T09:27:00Z,2017-01-01T10:15:00Z,2017-01-01T10:17:00Z,759000.00,96,Sukhoi Superjet-100,SU9,97,50.0,50.0
136666,PG0480,AAQ,EGO,Belgorod,2017-02-09T09:25:00Z,2017-02-09T09:26:00Z,2017-02-09T10:15:00Z,2017-02-09T10:16:00Z,664500.00,87,Sukhoi Superjet-100,SU9,97,50.0,50.0
136669,PG0480,AAQ,EGO,Belgorod,2017-01-17T09:25:00Z,2017-01-17T09:26:00Z,2017-01-17T10:15:00Z,2017-01-17T10:17:00Z,752700.00,95,Sukhoi Superjet-100,SU9,97,50.0,51.0
136672,PG0480,AAQ,EGO,Belgorod,2017-02-03T09:25:00Z,2017-02-03T09:28:00Z,2017-02-03T10:15:00Z,2017-02-03T10:18:00Z,759000.00,96,Sukhoi Superjet-100,SU9,97,50.0,50.0
136678,PG0480,AAQ,EGO,Belgorod,2017-01-28T09:25:00Z,2017-01-28T09:27:00Z,2017-01-28T10:15:00Z,2017-01-28T10:17:00Z,631200.00,80,Sukhoi Superjet-100,SU9,97,50.0,50.0
136706,PG0480,AAQ,EGO,Belgorod,2017-01-06T09:25:00Z,2017-01-06T09:30:00Z,2017-01-06T10:15:00Z,2017-01-06T10:20:00Z,740100.00,95,Sukhoi Superjet-100,SU9,97,50.0,50.0
136709,PG0480,AAQ,EGO,Belgorod,2017-01-15T09:25:00Z,2017-01-15T09:28:00Z,2017-01-15T10:15:00Z,2017-01-15T10:18:00Z,689700.00,87,Sukhoi Superjet-100,SU9,97,50.0,50.0
136720,PG0480,AAQ,EGO,Belgorod,2017-01-26T09:25:00Z,2017-01-26T09:29:00Z,2017-01-26T10:15:00Z,2017-01-26T10:19:00Z,752700.00,95,Sukhoi Superjet-100,SU9,97,50.0,50.0
136729,PG0480,AAQ,EGO,Belgorod,2017-01-29T09:25:00Z,2017-01-29T09:29:00Z,2017-01-29T10:15:00Z,2017-01-29T10:19:00Z,695400.00,88,Sukhoi Superjet-100,SU9,97,50.0,50.0
136733,PG0480,AAQ,EGO,Belgorod,2017-01-09T09:25:00Z,2017-01-09T09:27:00Z,2017-01-09T10:15:00Z,2017-01-09T10:18:00Z,746400.00,94,Sukhoi Superjet-100,SU9,97,50.0,51.0
136754,PG0480,AAQ,EGO,Belgorod,2017-02-06T09:25:00Z,2017-02-06T09:29:00Z,2017-02-06T10:15:00Z,2017-02-06T10:18:00Z,721200.00,90,Sukhoi Superjet-100,SU9,97,50.0,49.0
136755,PG0480,AAQ,EGO,Belgorod,2017-01-21T09:25:00Z,2017-01-21T09:30:00Z,2017-01-21T10:15:00Z,2017-01-21T10:20:00Z,765300.00,97,Sukhoi Superjet-100,SU9,97,50.0,50.0
136757,PG0480,AAQ,EGO,Belgorod,2017-01-27T09:25:00Z,2017-01-27T09:30:00Z,2017-01-27T10:15:00Z,2017-01-27T10:19:00Z,765300.00,97,Sukhoi Superjet-100,SU9,97,50.0,49.0
136758,PG0480,AAQ,EGO,Belgorod,2017-01-12T09:25:00Z,2017-01-12T09:26:00Z,2017-01-12T10:15:00Z,2017-01-12T10:15:00Z,765300.00,97,Sukhoi Superjet-100,SU9,97,50.0,49.0
136767,PG0480,AAQ,EGO,Belgorod,2017-01-23T09:25:00Z,2017-01-23T09:27:00Z,2017-01-23T10:15:00Z,2017-01-23T10:18:00Z,651300.00,83,Sukhoi Superjet-100,SU9,97,50.0,51.0
136769,PG0480,AAQ,EGO,Belgorod,2017-02-10T09:25:00Z,2017-02-10T09:30:00Z,2017-02-10T10:15:00Z,2017-02-10T10:21:00Z,696000.00,88,Sukhoi Superjet-100,SU9,97,50.0,51.0
136778,PG0480,AAQ,EGO,Belgorod,2017-02-22T09:25:00Z,2017-02-22T09:26:00Z,2017-02-22T10:15:00Z,2017-02-22T10:16:00Z,759000.00,96,Sukhoi Superjet-100,SU9,97,50.0,50.0
136780,PG0480,AAQ,EGO,Belgorod,2017-02-24T09:25:00Z,2017-02-24T09:30:00Z,2017-02-24T10:15:00Z,2017-02-24T10:20:00Z,714900.00,89,Sukhoi Superjet-100,SU9,97,50.0,50.0
136781,PG0480,AAQ,EGO,Belgorod,2017-01-14T09:25:00Z,2017-01-14T09:26:00Z,2017-01-14T10:15:00Z,2017-01-14T10:16:00Z,765300.00,97,Sukhoi Superjet-100,SU9,97,50.0,50.0
136802,PG0480,AAQ,EGO,Belgorod,2017-02-26T09:25:00Z,2017-02-26T09:32:00Z,2017-02-26T10:15:00Z,2017-02-26T10:22:00Z,746400.00,96,Sukhoi Superjet-100,SU9,97,50.0,50.0
136807,PG0480,AAQ,EGO,Belgorod,2017-02-23T09:25:00Z,2017-02-23T09:28:00Z,2017-02-23T10:15:00Z,2017-02-23T10:18:00Z,531000.00,68,Sukhoi Superjet-100,SU9,97,50.0,50.0
136815,PG0480,AAQ,EGO,Belgorod,2017-02-19T09:25:00Z,2017-02-19T09:26:00Z,2017-02-19T10:15:00Z,2017-02-19T10:17:00Z,765300.00,97,Sukhoi Superjet-100,SU9,97,50.0,51.0
136819,PG0480,AAQ,EGO,Belgorod,2017-01-04T09:25:00Z,2017-01-04T09:29:00Z,2017-01-04T10:15:00Z,2017-01-04T10:19:00Z,759000.00,96,Sukhoi Superjet-100,SU9,97,50.0,50.0
136823,PG0480,AAQ,EGO,Belgorod,2017-02-05T09:25:00Z,2017-02-05T09:27:00Z,2017-02-05T10:15:00Z,2017-02-05T10:18:00Z,620400.00,78,Sukhoi Superjet-100,SU9,97,50.0,51.0
136827,PG0480,AAQ,EGO,Belgorod,2017-02-18T09:25:00Z,2017-02-18T09:26:00Z,2017-02-18T10:15:00Z,2017-02-18T10:17:00Z,765300.00,97,Sukhoi Superjet-100,SU9,97,50.0,51.0
136838,PG0480,AAQ,EGO,Belgorod,2017-01-24T09:25:00Z,2017-01-24T09:30:00Z,2017-01-24T10:15:00Z,2017-01-24T10:21:00Z,670200.00,86,Sukhoi Superjet-100,SU9,97,50.0,51.0
136841,PG0480,AAQ,EGO,Belgorod,2017-02-07T09:25:00Z,2017-02-07T09:25:00Z,2017-02-07T10:15:00Z,2017-02-07T10:16:00Z,765300.00,97,Sukhoi Superjet-100,SU9,97,50.0,51.0
136844,PG0480,AAQ,EGO,Belgorod,2017-02-28T09:25:00Z,2017-02-28T09:26:00Z,2017-02-28T10:15:00Z,2017-02-28T10:16:00Z,575100.00,79,Sukhoi Superjet-100,SU9,97,50.0,50.0
136855,PG0480,AAQ,EGO,Belgorod,2017-01-11T09:25:00Z,2017-01-11T12:07:00Z,2017-01-11T10:15:00Z,2017-01-11T12:57:00Z,702300.00,87,Sukhoi Superjet-100,SU9,97,50.0,50.0
136857,PG0480,AAQ,EGO,Belgorod,2017-02-13T09:25:00Z,2017-02-13T09:31:00Z,2017-02-13T10:15:00Z,2017-02-13T10:21:00Z,765300.00,97,Sukhoi Superjet-100,SU9,97,50.0,50.0
136861,PG0480,AAQ,EGO,Belgorod,2017-02-12T09:25:00Z,2017-02-12T09:28:00Z,2017-02-12T10:15:00Z,2017-02-12T10:17:00Z,689100.00,87,Sukhoi Superjet-100,SU9,97,50.0,49.0
136869,PG0480,AAQ,EGO,Belgorod,2017-01-31T09:25:00Z,2017-01-31T09:26:00Z,2017-01-31T10:15:00Z,2017-01-31T10:16:00Z,765300.00,97,Sukhoi Superjet-100,SU9,97,50.0,50.0
136871,PG0480,AAQ,EGO,Belgorod,2017-01-13T09:25:00Z,2017-01-13T09:28:00Z,2017-01-13T10:15:00Z,2017-01-13T10:18:00Z,765300.00,97,Sukhoi Superjet-100,SU9,97,50.0,50.0
136875,PG0480,AAQ,EGO,Belgorod,2017-02-16T09:25:00Z,2017-02-16T09:29:00Z,2017-02-16T10:15:00Z,2017-02-16T10:19:00Z,765300.00,97,Sukhoi Superjet-100,SU9,97,50.0,50.0
136887,PG0480,AAQ,EGO,Belgorod,2017-01-20T09:25:00Z,2017-01-20T09:30:00Z,2017-01-20T10:15:00Z,2017-01-20T10:19:00Z,595200.00,78,Sukhoi Superjet-100,SU9,97,50.0,49.0
136888,PG0480,AAQ,EGO,Belgorod,2017-02-14T09:25:00Z,2017-02-14T09:29:00Z,2017-02-14T10:15:00Z,2017-02-14T10:19:00Z,626100.00,79,Sukhoi Superjet-100,SU9,97,50.0,50.0
136900,PG0480,AAQ,EGO,Belgorod,2017-02-01T09:25:00Z,2017-02-01T09:30:00Z,2017-02-01T10:15:00Z,2017-02-01T10:21:00Z,765300.00,97,Sukhoi Superjet-100,SU9,97,50.0,51.0
136907,PG0480,AAQ,EGO,Belgorod,2017-01-16T09:25:00Z,2017-01-16T09:31:00Z,2017-01-16T10:15:00Z,2017-01-16T10:22:00Z,759000.00,96,Sukhoi Superjet-100,SU9,97,50.0,51.0
136922,PG0480,AAQ,EGO,Belgorod,2017-02-11T09:25:00Z,2017-02-11T09:27:00Z,2017-02-11T10:15:00Z,2017-02-11T10:17:00Z,607800.00,76,Sukhoi Superjet-100,SU9,97,50.0,50.0
136927,PG0480,AAQ,EGO,Belgorod,2017-01-22T09:25:00Z,2017-01-22T09:28:00Z,2017-01-22T10:15:00Z,2017-01-22T10:19:00Z,765300.00,97,Sukhoi Superjet-100,SU9,97,50.0,51.0
136936,PG0480,AAQ,EGO,Belgorod,2017-01-02T09:25:00Z,2017-01-02T09:28:00Z,2017-01-02T10:15:00Z,2017-01-02T10:18:00Z,632400.00,82,Sukhoi Superjet-100,SU9,97,50.0,50.0
136937,PG0480,AAQ,EGO,Belgorod,2017-01-03T09:25:00Z,2017-01-03T09:29:00Z,2017-01-03T10:15:00Z,2017-01-03T10:19:00Z,626100.00,81,Sukhoi Superjet-100,SU9,97,50.0,50.0
136951,PG0480,AAQ,EGO,Belgorod,2017-02-02T09:25:00Z,2017-02-02T09:28:00Z,2017-02-02T10:15:00Z,2017-02-02T10:17:00Z,720600.00,90,Sukhoi Superjet-100,SU9,97,50.0,49.0
136953,PG0480,AAQ,EGO,Belgorod,2017-02-27T09:25:00Z,2017-02-27T09:27:00Z,2017-02-27T10:15:00Z,2017-02-27T10:17:00Z,765300.00,97,Sukhoi Superjet-100,SU9,97,50.0,50.0
136956,PG0480,AAQ,EGO,Belgorod,2017-02-04T09:25:00Z,2017-02-04T09:33:00Z,2017-02-04T10:15:00Z,2017-02-04T10:23:00Z,746400.00,96,Sukhoi Superjet-100,SU9,97,50.0,50.0
